{
    "logistic_regression": {
        "model_name": "Logistic Regression",
        "best_params": {
            "C": 0.1,
            "max_iter": 1000,
            "penalty": "l2",
            "solver": "liblinear"
        },
        "best_cv_score": 0.9000754479015349,
        "train_accuracy": 0.8388429752066116,
        "test_accuracy": 0.8688524590163934,
        "test_precision": 0.8125,
        "test_recall": 0.9285714285714286,
        "test_f1": 0.8666666666666667,
        "test_roc_auc": 0.9577922077922079,
        "cv_accuracy_mean": 0.8263605442176871,
        "cv_accuracy_std": 0.02821361425025097
    },
    "random_forest": {
        "model_name": "Random Forest",
        "best_params": {
            "max_depth": 5,
            "max_features": "sqrt",
            "min_samples_leaf": 4,
            "min_samples_split": 2,
            "n_estimators": 200
        },
        "best_cv_score": 0.8893156762721979,
        "train_accuracy": 0.8925619834710744,
        "test_accuracy": 0.8852459016393442,
        "test_precision": 0.8387096774193549,
        "test_recall": 0.9285714285714286,
        "test_f1": 0.8813559322033898,
        "test_roc_auc": 0.9599567099567099,
        "cv_accuracy_mean": 0.8096938775510203,
        "cv_accuracy_std": 0.02207873407610692
    }
}