Model,CV ROC-AUC,Test Accuracy,Test Precision,Test Recall,Test F1-Score,Test ROC-AUC
Logistic Regression,0.9000754479015349,0.8688524590163934,0.8125,0.9285714285714286,0.8666666666666667,0.9577922077922079
Random Forest,0.8893156762721979,0.8852459016393442,0.8387096774193549,0.9285714285714286,0.8813559322033898,0.9599567099567099
