feature,importance
thal,0.21930997597001567
cp,0.14606470675592767
ca,0.12625589827871567
thalach,0.10791229208985098
oldpeak,0.0854982584558473
exang,0.06496732557505398
age,0.05935157007450187
trestbps,0.04586487882939372
slope,0.04497512328537254
chol,0.04141430788217942
sex,0.04039070495252751
restecg,0.015251748405988651
fbs,0.0027432094446250433
